feature1,feature2,anomaly
-2.757788917847315,1.5498187861015686,-1
4.290372955740334,4.130774444475464,-1
4.543219944901218,3.314826709482161,-1
5.788260638165023,4.643254138168799,-1
5.314385660966229,4.161790967948448,-1
4.5272026255202675,6.408596019797301,-1
